Company Name,Address,Phone Number,Google business profile link,Website,E-Mail,Linkedin-Link
Satyagraha College of Arts Commerce and Science Khaghar,"Shop No 7 & 8, Tharwani Heritage, Plot No 24, Sector 7, Kharghar, Navi Mumbai, Maharashtra 410210 ",09821304515,https://www.google.com/maps/place/Satyagraha+College+of+Arts+Commerce+and+Science+Khaghar/data=!4m7!3m6!1s0x3be7c35706cf36a7:0x6ff5a88386da6898!8m2!3d19.0342511!4d73.0677845!16s%2Fg%2F11fn0l9dv0!19sChIJpzbPBlfD5zsRmGjahoOo9W8?authuser=0&hl=en&rclk=1,https://satyagrahcollege.com/,"['satyagrahacollege@yahoo.com', 'satyagrahacoledu@gmail.com', 'lokvikassr2003@gmail.com']",https://in.linkedin.com/in/satyagraha-education-192ab62b9
"Saraswati College of Engineering, Kharghar","Plot No. 46, near MSEB Sub Station, Sector-5, Kharghar, Navi Mumbai, Maharashtra 410210 ",09320299474,"https://www.google.com/maps/place/Saraswati+College+of+Engineering,+Kharghar/data=!4m7!3m6!1s0x3be7c23c0d76935f:0xdc48e289b198623a!8m2!3d19.0403902!4d73.059923!16s%2Fg%2F1tfslg04!19sChIJX5N2DTzC5zsROmKYsYniSNw?authuser=0&hl=en&rclk=1",https://engineering.saraswatikharghar.edu.in/,"['Registrar: registrarsaraswati@gmail.com', 'registrarsaraswati@gmail.com', 'maahi.khemchandani@it.sce.edu.in', '']",https://in.linkedin.com/school/scoekharghar/
Ramsheth Thakur College of Commerce & Science,"Sector-33, Plot No.1, उत्सव चौक - CISF मार्ग, Kharghar, Navi Mumbai, Maharashtra 410210 ",07303601555,https://www.google.com/maps/place/Ramsheth+Thakur+College+of+Commerce+%26+Science/data=!4m7!3m6!1s0x3be7c1f982587d31:0xad25d8c64e82b4dc!8m2!3d19.0633148!4d73.0786021!16s%2Fg%2F11c0rnqjgt!19sChIJMX1YgvnB5zsR3LSCTsbYJa0?authuser=0&hl=en&rclk=1,http://rtccs.edu.in/,[],https://rtccs.edu.in/
ITM Business School - MBA College in Kharghar Navi Mumbai,"Plot 25 & 26, Institutional Area, Sector 4, Kharghar, Navi Mumbai, Maharashtra 410210 ",07738694008,https://www.google.com/maps/place/ITM+Business+School+-+MBA+College+in+Kharghar+Navi+Mumbai/data=!4m7!3m6!1s0x3a5267b4c0000001:0xfec67ed69ce7b711!8m2!3d19.0332714!4d73.0639922!16s%2Fg%2F1tksg6j_!19sChIJAQAAwLRnUjoREbfnnNZ-xv4?authuser=0&hl=en&rclk=1,https://calendar.google.com/calendar/u/0/appointments/schedules/AcZssZ0RdnT2e46EmqYgncgN2I5-EOhBYaoH3aqpWvBoXsDUioyLiYwcGQOxIlAhMDXfS6WVcBwGH5Bu,"['charanjeetk@itm.edu', 'akshays@itm.edu', 'kiranr@itm.edu', 'admissions@isu.ac.in', 'sonamg@itm.edu']",https://in.linkedin.com/company/itm-business-school-kharghar
Ramsheth Thakur Higher Secondary Vidyalaya Kharghar,"Plot no.1, Pethapada, Sector 33, Kharghar, Navi Mumbai, Maharashtra 410210 ",08591889257,https://www.google.com/maps/place/Ramsheth+Thakur+Higher+Secondary+Vidyalaya+Kharghar/data=!4m7!3m6!1s0x3be7c17c9e7d5339:0x19c0596fc2ffe30c!8m2!3d19.063421!4d73.0786104!16s%2Fg%2F11t5nbq3ts!19sChIJOVN9nnzB5zsRDOP_wm9ZwBk?authuser=0&hl=en&rclk=1,http://www.rthsv.com/,['info@rtpsk.tk'],https://in.linkedin.com/company/ramsheth-thakur-public-school-kharghar
Bunts College of Higher Education -Night College,"Near, Bunts Center, Sector 24, Off. Gaondevi Chowk, Juinagar (W, Petrol Pump Rd, Navi Mumbai, Maharashtra 400706 ",02227703156,https://www.google.com/maps/place/Bunts+College+of+Higher+Education+-Night+College/data=!4m7!3m6!1s0x3be7c385e781fadf:0x43cbdab8eaffbd6!8m2!3d19.0500887!4d73.0178489!16s%2Fg%2F11js2tmq6m!19sChIJ3_qB54XD5zsR1vuvjqu9PAQ?authuser=0&hl=en&rclk=1,https://bbanightcollege.com/,"['bba.bche@gmail.com', 'bombaybuntsassociation@gmail.com', 'email ID: buntsadmission@gmail.com', 'homhavhunteassociation@gmail.com']",https://in.linkedin.com/school/banwarilal-bhalotia-college/
A. C. Patil College of Engineering,"23J6+6JC, Sector 4, Kharghar, Navi Mumbai, Maharashtra 410210 ",02227745722,https://www.google.com/maps/place/A.+C.+Patil+College+of+Engineering/data=!4m7!3m6!1s0x3be7c24052e100f3:0xb6e3e4259b43a898!8m2!3d19.030557!4d73.061528!16s%2Fm%2F0cp3kqb!19sChIJ8wDhUkDC5zsRmKhDmyXk47Y?authuser=0&hl=en&rclk=1,http://www.acpce.org/,"['tpo@acpce.ac.in', 'acpcejobs@acpce.ac.in', 'principal@prpotepatilengg.ac.in']",https://in.linkedin.com/school/acpce/
K.P.C College of science and commerce,"12, Vastu Vihar, Sector 16, Kharghar, Navi Mumbai, Maharashtra 410210 ",08448271862,https://www.google.com/maps/place/K.P.C+College+of+science+and+commerce/data=!4m7!3m6!1s0x3be7c30796eedde7:0xca81e65d3d3ee598!8m2!3d19.0423056!4d73.0821466!16s%2Fg%2F11jgj_2dl9!19sChIJ593ulgfD5zsRmOU-PV3mgco?authuser=0&hl=en&rclk=1,Not present on google business profiles,"['school@kpcedu.in', 'info@kpcoll.ac.in', 'inquiry@kpcmedicalcollege.com']",https://in.linkedin.com/company/kpc-medical-college-&-hospital-the-kpc-group
YMT Ayurvedic Medical College & Hospital. P.G.Institute,"23J7+929, Sector 4, Kharghar, Navi Mumbai, Maharashtra 410210 ",02227744406,https://www.google.com/maps/place/YMT+Ayurvedic+Medical+College+%26+Hospital.+P.G.Institute/data=!4m7!3m6!1s0x3be7c2404ea5525b:0xd3ca02ae74dd5796!8m2!3d19.0309053!4d73.0626195!16s%2Fg%2F1tgwl4h1!19sChIJW1KlTkDC5zsRllfddK4CytM?authuser=0&hl=en&rclk=1,http://www.ymtayurvedcollege.org/,[],https://www.ymtayurvedcollege.org/
SVKM's NMIMS,"Plot No. 2, near Pethpada Metro Station, Pethapada, Sector 33, Kharghar, Navi Mumbai, Maharashtra 410210 ",02235476550,https://www.google.com/maps/place/SVKM%27s+NMIMS/data=!4m7!3m6!1s0x3be7c1fa2d330e2b:0xfb8df77eb24acba7!8m2!3d19.0646147!4d73.077738!16s%2Fg%2F11f3scz5p3!19sChIJKw4zLfrB5zsRp8tKsn73jfs?authuser=0&hl=en&rclk=1,https://navimumbai.nmims.edu/why-us/,"['enquiry@nmims.edu', 'Gautami.Mehrotra@nmims.edu', 'Why @ NMIMS', 'adhikary.avas02@nmims.edu.in']",https://in.linkedin.com/school/nmims-navi-mumbai/
Tilak Maharashtra Vidyapeeth,"410210, Block J, Raghunath Vihar, Sector 14, Kharghar, Navi Mumbai, Maharashtra 410210 ",09892110892,https://www.google.com/maps/place/Tilak+Maharashtra+Vidyapeeth/data=!4m7!3m6!1s0x3be7c210444a52e3:0x353c5655e695052d!8m2!3d19.0442774!4d73.0739861!16s%2Fg%2F11c0xnpsw_!19sChIJ41JKRBDC5zsRLQWV5lVWPDU?authuser=0&hl=en&rclk=1,http://www.tmv.edu.in/,"['tmvenquiry@tmv.edu.in/tmvenquiry@gmail.com', 'examination@tmv.edu.in', 'studentgrievance@tmv. edu. in', 'japanese@tmv.edu.in', 'tmvadmission_kharghar@yahoo.com', 'tmv_bca_mca@yahoo.com/ bca@tmv.edu.in', 'management@tmv.edu.in/tmvmanagement3063@gmail.com']",https://in.linkedin.com/school/tilak-maharashtra-vidyapeeth/
YMT College,"Institutional Area, Sector -4, Kharghar, Navi Mumbai, Maharashtra 410210 ",02227744408,https://www.google.com/maps/place/YMT+College/data=!4m7!3m6!1s0x3be7c24c78f4b0ab:0x272d62436d412a30!8m2!3d19.0313896!4d73.0611222!16s%2Fm%2F0cr51n0!19sChIJq7D0eEzC5zsRMCpBbUNiLSc?authuser=0&hl=en&rclk=1,http://www.ymtcollegeofmanagement.org/,"['ymtacollege@gmail.com', 'Email-dentalymt@gmail.com', 'drsanjeevyadav22@gmail.com', 'drjaikini@ymtayurvedcollege.org', 'ymthmc01@gmail.com', 'yijasm.ayurved@gmail.com']",https://in.linkedin.com/school/ymt-college-of-management---india/
"Bharati Vidyapeeth College of Engineering, Navi Mumbai","Sector 7, CBD Belapur, Navi Mumbai, Maharashtra 400614 ",02227572140,"https://www.google.com/maps/place/Bharati+Vidyapeeth+College+of+Engineering,+Navi+Mumbai/data=!4m7!3m6!1s0x3be7c24393d763af:0x266652df8009380d!8m2!3d19.0264606!4d73.0550782!16zL20vMGJ6Nmps!19sChIJr2PXk0PC5zsRDTgJgN9SZiY?authuser=0&hl=en&rclk=1",http://bvcoenm.edu.in/,"['principal.bvcoenm@bharatividyapeeth.edu', 'coemumbai@bharatividyapeeth.edu', 'coarcmumbai@bharatividyapeeth.edu', 'dmsbvdu@bharatividyapeeth', ""first '.' last@bvcoenm.edu.in""]",https://in.linkedin.com/school/bharati-vidyapeeth-college-of-engineering-navi-mumbai/
Bharati Vidyapeeth,"23J5+7J6, Bharti Vidyapeeth - Utsav Chowk Rd, Sector 3, Sector 4, Kharghar, Navi Mumbai, Maharashtra 410210 ",02024407131,https://www.google.com/maps/place/Bharati+Vidyapeeth/data=!4m7!3m6!1s0x3be7c3401c5529f1:0xebeecdf96522d1f8!8m2!3d19.0306609!4d73.0590297!16s%2Fg%2F11ghlvxl9x!19sChIJ8SlVHEDD5zsR-NEiZfnN7us?authuser=0&hl=en&rclk=1,https://www.bvuniversity.edu.in/campus/navi-mumbai-campus,"['bvuniversity@bharatividyapeeth.edu', 'seema.gupta@bharatividyapeeth.edu', 'mcpune@bharatividyapeeth.edu', 'soe.admission@bharatividyapeeth.edu', 'coedelhi@bharatividyapeeth.edu', 'studentsupport@bharatividyapeethonline.com', 'imr@bharatividyapeeth.edu', 'support.distance@bharatividyapeeth.edu']",https://www.linkedin.com/company/bharati-vidyapeeth-bharati-vidyapeeth-deemed-university
Rahul Shikshan Prasarak Mandal's Satyagraha Mahavidyalaya,"Plot No 52, Supparak Bhavan, Sector 19, Kharghar, Navi Mumbai, Maharashtra 410210 ",09930958025,https://www.google.com/maps/place/Rahul+Shikshan+Prasarak+Mandal%27s+Satyagraha+Mahavidyalaya/data=!4m7!3m6!1s0x3be7c204e5555555:0xd185bd602684c93a!8m2!3d19.0485414!4d73.0770726!16s%2Fg%2F124t0mkll!19sChIJVVVV5QTC5zsROsmEJmC9hdE?authuser=0&hl=en&rclk=1,Not present on google business profiles,"['mgmccsitkamothe@gmail.com', 'satyagrahacollege@yahoo.com']",https://in.linkedin.com/school/rahul-shikshan-prasarak-mandal-satyagraha-college-of-education-navi-mumbai/
Saraswati Institute of Technology,"Plot No. 46, Sector 5, Near MSEB Sub Station, Kharghar, Navi Mumbai, Maharashtra 410210 ",02227743706,https://www.google.com/maps/place/Saraswati+Institute+of+Technology/data=!4m7!3m6!1s0x3be7c23c3947c8d5:0x872ae3e013e882a5!8m2!3d19.040341!4d73.05906!16s%2Fg%2F11f31304yd!19sChIJ1chHOTzC5zsRpYLoE-DjKoc?authuser=0&hl=en&rclk=1,http://siot.org.in/,"['info@simtrdr.org.in', 'admin@ssasit.ac.in', '0964.prineipal.poly@ gmailcom', 'saraswati.polytechnic @ gmail.com', 'info@sietgzb.ac.in', 'registrarsaraswati@gmail.com']",https://in.linkedin.com/company/saraswati-institute-of-technology
New City International School And Junior College Of Arts Science And Commerce,"Murbi Village, Sector-19, Kharghar, Navi Mumbai, Maharashtra 410210 ",Not present on google business profiles,https://www.google.com/maps/place/New+City+International+School+And+Junior+College+Of+Arts+Science+And+Commerce/data=!4m7!3m6!1s0x3be7c2069dbcead1:0xab610d187a5f87a1!8m2!3d19.0499624!4d73.081337!16s%2Fg%2F11gg5pncs1!19sChIJ0eq8nQbC5zsRoYdfehgNYas?authuser=0&hl=en&rclk=1,Not present on google business profiles,"['info@ncclondon.ac.uk', 'admissions@symbiosisjrcollege.ac.in']",https://uk.linkedin.com/school/new-city-college-group/
"College of Nursing, Navi Mumbai","Railway station, opp. Kharghar, Sector-7, Belpada, Kharghar, Navi Mumbai, Maharashtra 400614 ",02227565956,"https://www.google.com/maps/place/College+of+Nursing,+Navi+Mumbai/data=!4m7!3m6!1s0x3be7c243f4be5555:0x643bf6aac93ffc16!8m2!3d19.027393!4d73.0552081!16s%2Fg%2F11bzywg_dk!19sChIJVVW-9EPC5zsRFvw_yar2O2Q?authuser=0&hl=en&rclk=1",http://conmumbai.bharatividyapeeth.edu/,"['con.mumbai@bharatividyapeeth.edu', 'principal@mgmudn-nm.edu.in', 'principaltnc@rediffmail.com', 'mgmnewbombaycollegeofnursing@gmail.com', 'saranursing2021@gmail.com']",https://in.linkedin.com/in/dr-vaishali-jadhav-443b9515b
Bharati Vidyapeeth Departmentof of Engineering and Technology,"Sector 3, Belpada, Kharghar, Navi Mumbai, Maharashtra 410210 ",02235086505,https://www.google.com/maps/place/Bharati+Vidyapeeth+Departmentof+of+Engineering+and+Technology/data=!4m7!3m6!1s0x3be7c38a077ce761:0x2133ad39bcf67618!8m2!3d19.0305007!4d73.059006!16s%2Fg%2F11qp82_6t0!19sChIJYed8B4rD5zsRGHb2vDmtMyE?authuser=0&hl=en&rclk=1,Not present on google business profiles,"['bvucoepune@bharatividyapeeth.edu', 'principal.bvcoenm@bharatividyapeeth.edu', 'yclc@bharatividyapeeth.edu', 'con.mumbai@bharatividyapeeth.edu', 'coedelhi@bharatividyapeeth.edu', 'coelpune@bharatividyapeeth.edu']",https://in.linkedin.com/company/bharati-vidyapeeth-deemed-to-be-university-department-of-engineering-and-technology-navi-mumbai
Ashva Education Society,"Office Number. 1 To 3, Devkis Park View, near SBI Bank, Sector No. 10, Sector 10, Kharghar, Navi Mumbai, Maharashtra 410210 ",Not present on google business profiles,https://www.google.com/maps/place/Ashva+Education+Society/data=!4m7!3m6!1s0x3be7c355b7c64a25:0xc76b2aeb78d35d52!8m2!3d19.036448!4d73.0786829!16s%2Fg%2F11n2gzgh9j!19sChIJJUrGt1XD5zsRUl3TeOsqa8c?authuser=0&hl=en&rclk=1,https://nursinginstituteinnavimumbai.business.site/?m=true,"['enquiry@ashvaeducation.org.in', 'learn@ashwa.education', 'ashu.chavan@gmail.com', 'ashwafrica@gmail.com', 'email us at learn@ashwa.education']",https://in.linkedin.com/company/ashwa-education
"SIES College of Arts, Science and Commerce","Sri Chandrasekarendra Saraswati Vidyapuram, Plot I-C, Dr D Y Patil Vidyanagar, Sector 5, Nerul, Navi Mumbai, Maharashtra 400706 ",02227708371,"https://www.google.com/maps/place/SIES+College+of+Arts,+Science+and+Commerce/data=!4m7!3m6!1s0x3be7c3db6137e8bf:0x9d8f522c406b8521!8m2!3d19.0431337!4d73.0234611!16s%2Fm%2F04gryh0!19sChIJv-g3YdvD5zsRIYVrQCxSj50?authuser=0&hl=en&rclk=1",http://www.siesascn.edu.in/,"['siesce@sies.edu.in', 'siesascs@sies.edu.in', 'irak@sies.edu.in', 'siescentreforexcellence@gmail.com', 'siesice@sies.edu.in']",https://in.linkedin.com/school/sies-college-of-arts-science-&-commerce-sion-w-/
S.K. College of Science and Commerce,"Plot no 31, Sector 25 Next To Seawoods Railway Station, Sector 25, Nerul, Navi Mumbai, Maharashtra 400706 ",02227711481,https://www.google.com/maps/place/S.K.+College+of+Science+and+Commerce/data=!4m7!3m6!1s0x3be7c3bb87cefb85:0xf6fd2f6171bb45f7!8m2!3d19.0218418!4d73.0229889!16s%2Fg%2F1td1sxpw!19sChIJhfvOh7vD5zsR90W7cWEv_fY?authuser=0&hl=en&rclk=1,http://www.skc.ac.in/,"['principal.sksac@somaiya.edu', 'skc.nerul@gmail.com', 'skc. nerul@gmail.com', 'admissions@somaiya.edu', 'skcprince@rediffmail.com']",https://in.linkedin.com/school/tilak-education-societys-s-k-college-of-science-&-commerce-at-nerul-new-mumbai/
Bharati Vidyapeeth Prashala and Junior College,"22HR+9WM Prashala &Junior College, Bharati Vidyapeeth Marg, Sector 3, CBD Belapur, Navi Mumbai, Maharashtra 400614 ",02027562583,https://www.google.com/maps/place/Bharati+Vidyapeeth+Prashala+and+Junior+College/data=!4m7!3m6!1s0x3be7c24b194bb7f5:0x53d4bdf61a422b47!8m2!3d19.0284606!4d73.0423076!16s%2Fg%2F1tjt0d7g!19sChIJ9bdLGUvC5zsRRytCGva91FM?authuser=0&hl=en&rclk=1,http://bvp.bharatividyapeeth.edu/,"['principalbvpjr.com@gmail.com', 'bvemjawhar@redifmail.com', 'bvemsnm@gmail.com', 'jameeldaccani@gmail.com']",https://in.linkedin.com/school/bharati-vidyapeeth-jr-college-cbd/
Dhyangyot Junior College,"23V8+WH5, Sector 12, Kharghar, Navi Mumbai, Maharashtra 410210 ",Not present on google business profiles,https://www.google.com/maps/place/Dhyangyot+Junior+College/data=!4m7!3m6!1s0x3be7c3f8da3d1d7b:0x81d65a2b2f4eaecd!8m2!3d19.0447684!4d73.0664782!16s%2Fg%2F11fhr75bc_!19sChIJex092vjD5zsRza5OLyta1oE?authuser=0&hl=en&rclk=1,Not present on google business profiles,"['XXXX@XXXXXX.XXX', 'class@gmail.com', 'info@dnyanjyotacademy.com']",https://in.linkedin.com/in/pushkar-bandapalle-704603220
Mahatma Gandhi Mission's College of Engineering and Technology,"Plot No. 1, 2, Sion - Panvel Expressway, Sector 18, Kamothe, Navi Mumbai, Maharashtra 410209 ",02227433403,https://www.google.com/maps/place/Mahatma+Gandhi+Mission%27s+College+of+Engineering+and+Technology/data=!4m7!3m6!1s0x3be7e9cc90bd80b7:0xdf4fc9424f9d7f73!8m2!3d19.0163873!4d73.1046578!16s%2Fm%2F0cr50yl!19sChIJt4C9kMzp5zsRc3-dT0LJT98?authuser=0&hl=en&rclk=1,http://www.mgmmumbai.ac.in/,"['principalmgmcen_gsl@yahoo.com', 'mgmccsitkamothe@gmail.com', 'registrar@mgmcen.ac.in', 'mail@mgmcet.ac.in', 'info@mgmedugroup', 'mgmcet@bom3.vsnl.net.in']",https://in.linkedin.com/school/mgmcet/
NSAM Institute of Design (Navi Mumbai),"NSAM ACADEMY-28, Shree Ambika Heritage, near to railway Station, Sector 1, Kharghar, Navi Mumbai, Maharashtra 410210 ",09987802220,https://www.google.com/maps/place/NSAM+Institute+of+Design+%28Navi+Mumbai%29/data=!4m7!3m6!1s0x3be7c327cdecb15f:0x68003686b30d1839!8m2!3d19.0277002!4d73.0607729!16s%2Fg%2F11j5zl20gq!19sChIJX7HszSfD5zsRORgNs4Y2AGg?authuser=0&hl=en&rclk=1,http://nsamacademy.com/Home/apply,"['info@nsamacademy.com', 'Email id, Info@nsamacademy.com', 'nsamacademy5@gmail.com']",https://www.linkedin.com/pulse/fadu-india-cda-nsam-institute-join-forces-shape-future-design-vxk8f
SARASWATI PARAMEDICAL INSTITUTE KHARGHAR,"30 & 31, Plot no F/14, F lane, Block D, Block G, Sector 12, Kharghar, Navi Mumbai, Maharashtra 410210 ",09892569058,https://www.google.com/maps/place/SARASWATI+PARAMEDICAL+INSTITUTE+KHARGHAR/data=!4m7!3m6!1s0x3be7c30bb2550371:0x64b90bac04860c42!8m2!3d19.0418216!4d73.0664197!16s%2Fg%2F11ny1ztww5!19sChIJcQNVsgvD5zsRQgyGBKwLuWQ?authuser=0&hl=en&rclk=1,http://www.saraswatiparamedicalinstitute.in/,"['informationatspi@gmail.com', 'saraswati_dausa@yahoo']",https://www.linkedin.com/company/maa-saraswati-paramedical-institute
Bhakti Vedanta College Of Vedic Education,"Plot No. 2, Hare Krishna Land, opposite Central Park, Sector 23, Kharghar, Navi Mumbai, Maharashtra 410210 ",Not present on google business profiles,https://www.google.com/maps/place/Bhakti+Vedanta+College+Of+Vedic+Education/data=!4m7!3m6!1s0x3be7c33797462b79:0xd4e8c52ef54603ec!8m2!3d19.0534985!4d73.0663774!16s%2Fg%2F11s0pr37s3!19sChIJeStGlzfD5zsR7ANG9S7F6NQ?authuser=0&hl=en&rclk=1,https://vediccollege.org/,"['info@vediccollege.org', 'contact@vediccollege.org', 'info@vedic.ac.in', 'dharmadasa64@gmail.com', 'tcvpdcollege@gmail.com']",https://in.linkedin.com/company/vedic-group-of-institutions
Dnyanjyoti College,"23V8+WH9, Unnamed Road, Sector 12, Kharghar, Navi Mumbai, Maharashtra 410210 ",08976844474,https://www.google.com/maps/place/Dnyanjyoti+College/data=!4m7!3m6!1s0x3be7c3ae19419d57:0x5f9bad7ea1f0fa0a!8m2!3d19.0447872!4d73.0664698!16s%2Fg%2F11f8ngncw6!19sChIJV51BGa7D5zsRCvrwoX6tm18?authuser=0&hl=en&rclk=1,Not present on google business profiles,"['info@dnyanjyoti.com', 'dnyanjyotipune@gmail.com', 'demschooldhanki@gmail.com', 'bedcollegesoygaon@gmail.com', 'dgetsbed@gmail.com', 'dnyanjyotipune@gmail']",https://in.linkedin.com/in/dnyanjyoti-education-neet-jee-cet
National Institute of Fashion Technology,"Plot no. 15, Service Rd, Sector 4, Kharghar, Navi Mumbai, Maharashtra 410210 ",02227747100,https://www.google.com/maps/place/National+Institute+of+Fashion+Technology/data=!4m7!3m6!1s0x3be7cee784e322ad:0x2cb6eb7d37a0d33!8m2!3d19.0298945!4d73.0609512!16s%2Fg%2F1tfc9n9l!19sChIJrSLjhOfO5zsRMw1607duywI?authuser=0&hl=en&rclk=1,http://www.nift.ac.in/mumbai,"['director.varanasi@nift.ac.in', 'director.bengaluru@nift.ac.in', 'info@rishikulvidyapeeth.edu.in', 'nift.kolkata@nift.ac.in', 'first_initial last@nift.ac.in']",https://in.linkedin.com/school/national-institute-of-fashion-technology-india/
"ITM Skills University, Navi Mumbai","Plot 25 & 26 Institutional Area, Sector 4, Kharghar, Mumbai, Maharashtra 410210 ",08433973028,"https://www.google.com/maps/place/ITM+Skills+University,+Navi+Mumbai/data=!4m7!3m6!1s0x3be7c3da3f19d2db:0x5c7077ac7d59acb0!8m2!3d19.0332725!4d73.0639935!16s%2Fg%2F11st8r_21r!19sChIJ29IZP9rD5zsRsKxZfax3cFw?authuser=0&hl=en&rclk=1",http://isu.ac.in/,"['kiranr@itm.edu', 'admissions@isu.ac.in', 'charanjeetk@itm.edu', 'isa@itm.edu', 'executivemba@isu.ac.in']",https://in.linkedin.com/school/itm-group-of-institutions/
Terna Engineering College,"Plot No 12, Sector-22 Opp. Nerul Railway Station W, Phase II, Nerul, Navi Mumbai, Maharashtra 400706 ",02261115444,https://www.google.com/maps/place/Terna+Engineering+College/data=!4m7!3m6!1s0x3be7c3eaaa53c4e3:0x9459161291e7ded5!8m2!3d19.0296134!4d73.0166431!16s%2Fm%2F0zrt0fn!19sChIJ48RTqurD5zsR1d7nkRIWWZQ?authuser=0&hl=en&rclk=1,http://www.ternaengg.ac.in/,"['admission@ternaengg.ac.in', 'contact@ternatrust.org']",https://in.linkedin.com/school/terna-engineering-college/
NMIMS School of Hospitality Management,"Plot No-02, SVKM's NMIMS, Pethapada, Sector 33, Kharghar, Navi Mumbai, Maharashtra 410210 ",09920253177,https://www.google.com/maps/place/NMIMS+School+of+Hospitality+Management/data=!4m7!3m6!1s0x3be7c1f9649fb65d:0xda5e874e780c37b4!8m2!3d19.0644247!4d73.077945!16s%2Fg%2F11c5zd5bgv!19sChIJXbafZPnB5zsRtDcMeE6HXto?authuser=0&hl=en&rclk=1,https://bit.ly/3Nx6keC,"['blanche.dias@nmims.edu', 'enquiry@nmims.edu', 'shefali.joshi@nmims.edu', 'Harikumar.Iyer@sbm.nmims.edu']",https://in.linkedin.com/school/nmims-school-of-hospitality-management/
"NCRD's Sterling Institutes, Nerul, Navi Mumbai","Railway Station, Near, Plot No. 93/ 93A, Sector - 19, Nerul (E, Seawoods, Navi Mumbai, Maharashtra 400706 ",02227722290,"https://www.google.com/maps/place/NCRD%27s+Sterling+Institutes,+Nerul,+Navi+Mumbai/data=!4m7!3m6!1s0x3be7c3b95117e193:0x223ef7aa6f1bb89c!8m2!3d19.0243275!4d73.023405!16s%2Fg%2F12hkt3jrs!19sChIJk-EXUbnD5zsRnLgbb6r3PiI?authuser=0&hl=en&rclk=1",http://www.ncrdsims.edu.in/,"['principal@ncrdsip.com', 'sterlingadmission@gmail.com', 'sterlingpudle@gmail.com', 'enquiry@ncrdsims.edu.in', 'accounts@ncrdsims.edu.in']",https://in.linkedin.com/school/ncrd's-sterling-institute-of-pharmacy---india/
Karnatak Lingayat Education Society,"Plot No, Karnatak Lingayat Education Society, 29, Sector 1 Rd, Sector 3, Kalamboli, Panvel, Navi Mumbai, Maharashtra 410218 ",02227423300,https://www.google.com/maps/place/Karnatak+Lingayat+Education+Society/data=!4m7!3m6!1s0x3be7e9da85986a4f:0x7cc1546c6276d63e!8m2!3d19.0261087!4d73.0970171!16s%2Fg%2F124yl5cg_!19sChIJT2qYhdrp5zsRPtZ2YmxUwXw?authuser=0&hl=en&rclk=1,http://www.klemumbaicollege.com/,"['rlscibgm@gmail.com', 'infodesk@klesooety org', 'infodesk@klesociety.org', 'kleschoolbgm2@gmail.com', 'kleinsankola@gmail.com']",https://cr.linkedin.com/company/karnatak-lingayat-education-society
Institution of Mechanical Engineers,"Hasmukh Bhavan, behind CIDCO, near Hiranandani Park, Sector 4, Kharghar, Navi Mumbai, Maharashtra 410210 ",02227743559,https://www.google.com/maps/place/Institution+of+Mechanical+Engineers/data=!4m7!3m6!1s0x115add904d984359:0xfc1204b4e65cba38!8m2!3d19.0330172!4d73.0643813!16s%2Fg%2F11b5phsqdy!19sChIJWUOYTZDdWhEROLpc5rQEEvw?authuser=0&hl=en&rclk=1,http://www.imeindia.in/,"['enquiries@imeche.org', 'F_Last@imeche.org']",https://uk.linkedin.com/company/institution-of-mechanical-engineers
SIES Graduate School of Technology,"Sri Chandrasekarendra Saraswati Vidyapuram Sector-V, Nerul, Navi Mumbai, Maharashtra 400706 ",02261082400,https://www.google.com/maps/place/SIES+Graduate+School+of+Technology/data=!4m7!3m6!1s0x3be7c3db5e2c85cd:0xef26c52d7d73816e!8m2!3d19.042813!4d73.023078!16s%2Fm%2F04gp_tx!19sChIJzYUsXtvD5zsRboFzfS3FJu8?authuser=0&hl=en&rclk=1,http://siesgst.edu.in/,"['principalgst@sies.edu.in', 'enquiry_gst@siesgst.ac.in', 'irak@sies.edu.in']",https://in.linkedin.com/school/sies-graduate-school-of-technology/
Western College of Commerce & Business Management,"Plot No. 2, Sector 9, Sanpada, Navi Mumbai, Maharashtra 400705 ",02227753226,https://www.google.com/maps/place/Western+College+of+Commerce+%26+Business+Management/data=!4m7!3m6!1s0x3be7c1338fffffff:0x1fdfab4c178a416!8m2!3d19.0597047!4d73.0137265!16s%2Fg%2F1td5k4km!19sChIJ____jzPB5zsRFqR4wbT6_QE?authuser=0&hl=en&rclk=1,http://www.wccbm.ac.in/,[],https://www.wccbm.ac.in/
N R Bhagat College,"Sector 12 Nerul Rd, Dharshana Society, Nerul West, Nerul, Navi Mumbai, Maharashtra 400706 ",Not present on google business profiles,https://www.google.com/maps/place/N+R+Bhagat+College/data=!4m7!3m6!1s0x3be7c3e902834799:0x57412daee5d7ed64!8m2!3d19.0374993!4d73.0134225!16s%2Fg%2F11clvj0h3w!19sChIJmUeDAunD5zsRZO3X5a4tQVc?authuser=0&hl=en&rclk=1,Not present on google business profiles,"['nrbhagatsrcollege@gmail.com', 'XXXX@XXXXXX.XXX']",https://in.linkedin.com/in/riya-gupta-629a14361
Global Institute,"17/B, Neelam Heights, Plot no 139 Opp - Ragunath vihar, Sector 13, Navi Mumbai, Maharashtra 410210 ",Not present on google business profiles,https://www.google.com/maps/place/Global+Institute/data=!4m7!3m6!1s0x3be7c3323fca1439:0xbadc0093ee7689fe!8m2!3d19.0454127!4d73.0724861!16s%2Fg%2F11flpg59jn!19sChIJORTKPzLD5zsR_ol27pMA3Lo?authuser=0&hl=en&rclk=1,https://edugims.com/,"['info@edumis.in', 'info@edugims.com']",https://in.linkedin.com/company/eduaims
Dr. G. D. Pol Foundation,"Sector 4, Kharghar, Navi Mumbai, Maharashtra 410210 ",02227744406,https://www.google.com/maps/place/Dr.+G.+D.+Pol+Foundation/data=!4m7!3m6!1s0x3be7c0daef6e2c45:0xc60736001b160160!8m2!3d19.0312779!4d73.0623204!16s%2Fg%2F1tkd_f59!19sChIJRSxu79rA5zsRYAEWGwA2B8Y?authuser=0&hl=en&rclk=1,http://www.drgdpolfoundation.org/,"['yijasm.ayurved@gmail.com', 'ymtayurved@drgd polfoundation.org']",https://in.linkedin.com/in/dr-g-d-pol-98658842
Sanpada College of Commerce & Technology,"Sector - 2, Plot No. 3, 4 & 5, Behind, Sanpada Railway Station Road, Sanpada West, Navi Mumbai, Maharashtra 400705 ",02227753117,https://www.google.com/maps/place/Sanpada+College+of+Commerce+%26+Technology/data=!4m7!3m6!1s0x3be7c144da583d49:0xe9b43a1088c5c7d0!8m2!3d19.0643041!4d73.0079437!16s%2Fm%2F0_x8p50!19sChIJST1Y2kTB5zsR0MfFiBA6tOk?authuser=0&hl=en&rclk=1,http://www.scct.edu.in/,[],https://scct.edu.in/
Convent of Jesus & Mary International School,"Plot No. 13 & 14, Sector 6, Kharghar, Navi Mumbai, Maharashtra 410210 ",02227745592,https://www.google.com/maps/place/Convent+of+Jesus+%26+Mary+International+School/data=!4m7!3m6!1s0x3be7c22276c1c181:0x8c3d7b37ef6413b!8m2!3d19.0489321!4d73.0639586!16s%2Fm%2F010qp_bb!19sChIJgcHBdiLC5zsRO0H2frPXwwg?authuser=0&hl=en&rclk=1,http://cjmint.com/,[],https://www.cjmranaghat.in/
Bharati Vidyapeeth’s Institute of Management & Information Technology (MCA),"Sector No. 8, CBD Belapur, Navi Mumbai, Maharashtra 400614 ",08657008015,https://www.google.com/maps/place/Bharati+Vidyapeeth%E2%80%99s+Institute+of+Management+%26+Information+Technology+%28MCA%29/data=!4m7!3m6!1s0x3be7c24ae7f38c4d:0x6c245daebfcc7c33!8m2!3d19.0294024!4d73.0420287!16s%2Fg%2F11b7xnm2w9!19sChIJTYzz50rC5zsRM3zMv65dJGw?authuser=0&hl=en&rclk=1,https://bvimsr.org/,"['director.bvimsr@bharatividyapeeth.edu', 'grievance@bvimsr.com', 'bvimsr.bjmr@bharatividyapeeth.edu', 'rajni.mathur@bvimsr.com', 'admissionbvimsr@gmail.com', 'director@bvimsr. org']",https://in.linkedin.com/school/bharati-vidyapeeths-institute-of-management-studies-&-research/
"BBA's Bunts Institute for Higher Education, Juinagar, Navi Mumbai","BBA's, Bunts Institute for Higher Education Bunts Center, off Gaondevi Chowk, Sector 24, Juinagar, W, Navi Mumbai, Maharashtra 400706 ",07715879960,"https://www.google.com/maps/place/BBA%27s+Bunts+Institute+for+Higher+Education,+Juinagar,+Navi+Mumbai/data=!4m7!3m6!1s0x3be7c341f9aa9631:0x5171f641542e8900!8m2!3d19.0501141!4d73.0179079!16s%2Fg%2F11n7zkq4k7!19sChIJMZaq-UHD5zsRAIkuVEH2cVE?authuser=0&hl=en&rclk=1",https://www.bbadaycollege.com/,"['bba.bihe@gmail.com', 'bbabiheadmission2021@gmail.com']",https://in.linkedin.com/in/debolina-dey-9a1963330
Bharati Vidyapeeth Department of Management Studies (Off Campus),"Sector 3, Sector 4, Kharghar, Navi Mumbai, Maharashtra 410210 ",08657008027,https://www.google.com/maps/place/Bharati+Vidyapeeth+Department+of+Management+Studies+%28Off+Campus%29/data=!4m7!3m6!1s0x3be7c3004632ef29:0xe747324bfb1a6836!8m2!3d19.0310324!4d73.0588708!16s%2Fg%2F11w1c004l3!19sChIJKe8yRgDD5zsRNmga-0syR-c?authuser=0&hl=en&rclk=1,https://www.bvuniversity.edu.in/dommumbai/,"['dmsbvdu@bharatividyapeeth', 'Det.nm@bvuniversity.edu', 'imitmumbai@bharatividyapeeth.edu', 'bvuniversity@bharatividyapeeth.edu', 'isconline@bharatividyapeeth.edu', 'exam.dept@bharatividyapeeth.edu', 'seema.gupta@bharatividyapeeth.edu']",https://www.linkedin.com/company/bharati-vidyapeeth-bharati-vidyapeeth-deemed-university
Bharati Vidyapeeth College Of Architecture and Interior Design,"Rly. Station, Sec. No. 7, opp. Kharghar, Belpada, Navi Mumbai, Maharashtra 400614 ",02227571451,https://www.google.com/maps/place/Bharati+Vidyapeeth+College+Of+Architecture+and+Interior+Design/data=!4m7!3m6!1s0x3be7c2467eb222ff:0x2d99b64850431423!8m2!3d19.0273647!4d73.0550564!16s%2Fm%2F09k5849!19sChIJ_yKyfkbC5zsRIxRDUEi2mS0?authuser=0&hl=en&rclk=1,http://coarcmumbai.bharatividyapeeth.edu/,"['coarcmumbai@bharatividyapeeth.edu', 'admission.bsc@bvcoa.in', 'admission.imrdelhi@bharatividyapeeth.edu']",https://www.linkedin.com/posts/bharati-vidyapeeth-deemed-to-be-university-college-of-architecture_sustainabledesign-interiordesign-greenbuilding-activity-7330095085616807938-LThz
Bharati Vidyapeeth College of Hotel & Tourism Management Studies,"8, YMCA Marg, next to Rajiv Gandhi Ground, Sector 3A, CBD Belapur, Navi Mumbai, Maharashtra 400614 ",02024407299,https://www.google.com/maps/place/Bharati+Vidyapeeth+College+of+Hotel+%26+Tourism+Management+Studies/data=!4m7!3m6!1s0x3be7c24b1d9fae13:0xca6534914c7fd64c!8m2!3d19.0296596!4d73.0430203!16s%2Fg%2F1td1bw_g!19sChIJE66fHUvC5zsRTNZ_TJE0Zco?authuser=0&hl=en&rclk=1,http://chtms.bharatividyapeeth.edu/,[],https://chtms.bharatividyapeeth.edu/
MGM Medical College and Hospital,"2483+PX9, Mumbai - Pune Hwy, MGM Campus, Kamothe, Panvel, Navi Mumbai, Maharashtra 410209 ",02227433404,https://www.google.com/maps/place/MGM+Medical+College+and+Hospital/data=!4m7!3m6!1s0x89e26aaaaaaaaaa9:0x8a57061a4f076c57!8m2!3d19.0167813!4d73.1049864!16s%2Fg%2F11h4nd1rzb!19sChIJqaqqqqpq4okRV2wHTxoGV4o?authuser=0&hl=en&rclk=1,http://www.mgmmcnm.edu.in/,"['mgmmedicalcollege.jamshedpur@gmail.com', 'mgmmcnb@gmail.com', 'mgmuniversity@mgmuhs.com', 'mgmmcvashinm@gmail.com']",https://in.linkedin.com/school/mgm-medical-college---india/
LOKMANYA TILAK COLLEGE OF PHYSIOTHERAPY,"Tilak Maharashtra Vidyapeeth, Block J, Raghunath Vihar, Sector 14, Kharghar, Navi Mumbai, Maharashtra 410210 ",08082383131,https://www.google.com/maps/place/LOKMANYA+TILAK+COLLEGE+OF+PHYSIOTHERAPY/data=!4m7!3m6!1s0x3be7c2106fffffff:0xb7e18aa58fd20e3d!8m2!3d19.0442157!4d73.073953!16s%2Fg%2F11k6jb0hxh!19sChIJ____bxDC5zsRPQ7Sj6WK4bc?authuser=0&hl=en&rclk=1,http://lmcop.edu.in/,"['lokmanyamcop@gmail.com', 'physiotherapy@tmv.edu.in']",https://in.linkedin.com/in/dr-manasi-gokhe-pt-b37aa5226
Lokmanya Tilak Institute of Pharmacy,"Campus Plot No. 3, Tilak Maharashtra Vidyapeeth, Lokmanya tilak Institute of Pharmacy, Jivan Jyoti Path, near Raghunath Vihar, Kharghar, Navi Mumbai, Maharashtra 410210 ",07506038705,https://www.google.com/maps/place/Lokmanya+Tilak+Institute+of+Pharmacy/data=!4m7!3m6!1s0x3be7c3f68ec78abd:0x5cd363ac018d32e7!8m2!3d19.0441858!4d73.0737773!16s%2Fg%2F11lqlg4s_x!19sChIJvYrHjvbD5zsR5zKNAaxj01w?authuser=0&hl=en&rclk=1,http://tmvltip.edu.in/,"['ltiop.2019@gmail.com', 'administration@tmv.edu.in', 'jlccp_ngp@rediffmail.com']",https://in.linkedin.com/in/lokmanya-tilak-institute-of-pharmacy-208a4b1b8
Fr. Conceicao Rodrigues Institute of Technology,"Father Agnel Technical Education Complex, near Noor Masjid, Juhu Nagar, Sector 9A, Vashi, Navi Mumbai, Maharashtra 400703 ",02227771000,https://www.google.com/maps/place/Fr.+Conceicao+Rodrigues+Institute+of+Technology/data=!4m7!3m6!1s0x3be7c6cae0d8c5ab:0xbbf4481d662ca2d8!8m2!3d19.0755127!4d72.9917043!16zL20vMGJxOHc0!19sChIJq8XY4MrG5zsR2KIsZh1I9Ls?authuser=0&hl=en&rclk=1,https://theabbie.github.io/,['abhishek7gg7@gmail.com'],https://in.linkedin.com/in/theabbie
ITM,"Plot 25 & 26 Institutional Area, Sector 4, Kharghar, Mumbai, Maharashtra 410210 ",09136007624,https://www.google.com/maps/place/ITM/data=!4m7!3m6!1s0x3be7c2198af9b5d5:0x3c7288f366416604!8m2!3d19.0332725!4d73.0639935!16s%2Fm%2F0gwzwk9!19sChIJ1bX5ihnC5zsRBGZBZvOIcjw?authuser=0&hl=en&rclk=1,http://www.itm.edu/,"['admission@itmuniversity.ac.in', 'hmct@itm.edu', 'karishmag@itm.edu', 'kiranr@itm.edu', 'registrar@itmgoi.in', 'itmuradmission@itmuniversity.org', 'director.itm@gmail.com', 'admissions@itmbu.ac.in']",https://in.linkedin.com/school/itm-group-of-institutions/
MGM medical college,"MGM Medical College, Plot No14, Sector 8, Nerul, Navi Mumbai, Maharashtra 400706 ",Not present on google business profiles,https://www.google.com/maps/place/MGM+medical+college/data=!4m7!3m6!1s0x3be7c3e78d12a2a3:0x154a18b19b18a64d!8m2!3d19.0427791!4d73.0160088!16s%2Fg%2F1tfmg8hx!19sChIJo6ISjefD5zsRTaYYm7EYShU?authuser=0&hl=en&rclk=1,http://mgmmcnerul.edu.in/,"['mgmmedicalcollege.jamshedpur@gmail.com', 'mgmmcnb@gmail.com', 'contact@mgmu.ac.in', 'registrar@mgmuhs.com']",https://in.linkedin.com/school/mgm-medical-college---india/
S.M.D.L College-Shikshan Maharshi Dadasaheb Limaye College,"24H3+5J8, Railway Quarters, Sector 3, Kalamboli, Panvel, Navi Mumbai, Maharashtra 410218 ",02227426095,https://www.google.com/maps/place/S.M.D.L+College-Shikshan+Maharshi+Dadasaheb+Limaye+College/data=!4m7!3m6!1s0x3be7e9c5b9b6b49d:0x630217b20b36c4d0!8m2!3d19.0279056!4d73.1040912!16s%2Fg%2F1yg6npls4!19sChIJnbS2ucXp5zsR0MQ2C7IXAmM?authuser=0&hl=en&rclk=1,http://www.smdlcollege.com/,"['principalsmdlcollege@yahoo.co.in', 'principalmdlcollege@yahoo.co.in']",https://in.linkedin.com/in/varsha-bhagat-525908171?trk=people-guest_people_search-card
Sushma Patil Vidyalaya and Junior College,"Plot No 39, Kamothe Gaon Rd, Sector 11, Kamothe, Panvel, Navi Mumbai, Maharashtra 410209 ",Not present on google business profiles,https://www.google.com/maps/place/Sushma+Patil+Vidyalaya+and+Junior+College/data=!4m7!3m6!1s0x3be7e9d6847adb61:0xd42b8a8de86b639f!8m2!3d19.0192797!4d73.0911402!16s%2Fg%2F11xndp9n7!19sChIJYdt6hNbp5zsRn2Nr6I2KK9Q?authuser=0&hl=en&rclk=1,Not present on google business profiles,['XXXX@XXXXXX.XXX'],https://in.linkedin.com/in/anshal-patel-a02b3322a?trk=public_profile_samename-profile
T. S. Chanakya (Indian Maritime University Navi Mumbai Campus),"Karave Village, Sector 34, Nerul, Navi Mumbai, Maharashtra 400706 ",02227703876,https://www.google.com/maps/place/T.+S.+Chanakya+%28Indian+Maritime+University+Navi+Mumbai+Campus%29/data=!4m7!3m6!1s0x3be7c3ed07b063f9:0xd49228f6cfe3fd61!8m2!3d19.0179307!4d73.0071669!16zL20vMGc3N2xk!19sChIJ-WOwB-3D5zsRYf3jz_YoktQ?authuser=0&hl=en&rclk=1,Not present on google business profiles,['director.navimumbai@imu.ac.in'],https://in.linkedin.com/school/training-ship-chanakya/
"R.V.PATEL COLLEGE OF SCIENCE, COMMERCE &ARTS","PLOT NO 09 SEAWOOD SEC :44, Navi Mumbai, Maharashtra 400706 ",02227708854,"https://www.google.com/maps/place/R.V.PATEL+COLLEGE+OF+SCIENCE,+COMMERCE+%26ARTS/data=!4m7!3m6!1s0x3be7c3509ee04893:0x164798bc39b1e611!8m2!3d19.0152695!4d73.0146045!16s%2Fg%2F11rklwwqtk!19sChIJk0jgnlDD5zsREeaxObyYRxY?authuser=0&hl=en&rclk=1",https://rvpatelcollege.com/,"['contactus@rvpatelcollege.com', 'ravi.patel.ca@gmail.com']",https://in.linkedin.com/school/prof.-v.-b.-shah-institute-of-management-r.-v.-pat/
MGM School of Biomedical Sciences,"MGM Institute of Health Sciences, Sector 1,Kamothe, Navi Mumbai, 410209 ",02227437631,https://www.google.com/maps/place/MGM+School+of+Biomedical+Sciences/data=!4m7!3m6!1s0x3be7e9cc7d3831f1:0xc7d0c0f36148f4bc!8m2!3d19.017486!4d73.104766!16s%2Fg%2F11dymqlv83!19sChIJ8TE4fczp5zsRvPRIYfPA0Mc?authuser=0&hl=en&rclk=1,https://mgmsbsnm.edu.in/,"['sbsnm@mgmuhs.com', 'director@mgmsbsnm.edu.in', 'Sangeetachoudhary@mgmsbsnm.edu.in', 'accounts@mgmsbsnm.edu.in']",https://in.linkedin.com/school/mgm-institute-of-health-sciences-navi-mumbai/
ICLES' Motilal Jhunjhunwala College,"ICLES MOTILAL JHUNJHUNWALA COLLEGE, Plot No. 53, Amlendu Roye Marg, Sector-9-A, Juhunagar Vashi, Sector 9A, Vashi, Navi Mumbai, Maharashtra 400703 ",02227663061,https://www.google.com/maps/place/ICLES%27+Motilal+Jhunjhunwala+College/data=!4m7!3m6!1s0x3be7c136b2c080cb:0x787413bddcb8c190!8m2!3d19.0769859!4d72.9922334!16s%2Fg%2F11c5m5pl14!19sChIJy4DAsjbB5zsRkMG43L0TdHg?authuser=0&hl=en&rclk=1,http://www.iclesmj.edu.in/,[],https://in.linkedin.com/in/yuti-naik-0a7163261
KPC Public School,"Plot No. 11, KH-1, behind Vastuvihar, Vastu Vihar, Sector 16, Kharghar, Navi Mumbai, Maharashtra 410210 ",07506375875,https://www.google.com/maps/place/KPC+Public+School/data=!4m7!3m6!1s0x3be7c209450f0833:0x2656394940b4e883!8m2!3d19.0424869!4d73.0827535!16s%2Fg%2F11ckqqp01g!19sChIJMwgPRQnC5zsRg-i0QEk5ViY?authuser=0&hl=en&rclk=1,http://www.kpcedu.in/,"['principal@kpcedu.in', 'school@kpcedu', 'info@kpcedu.in', 'school@kpcedu.in']",https://in.linkedin.com/company/kpc-english-high-school-navi-mumbai
Modern Junior College,"2n floor of Gokhale Education Society, Sector 12, Kharghar, Navi Mumbai, Maharashtra 410210 ",Not present on google business profiles,https://www.google.com/maps/place/Modern+Junior+College/data=!4m7!3m6!1s0x3be7c3ce3978e4c5:0x70cbf33a552bf165!8m2!3d19.0412214!4d73.0662052!16s%2Fg%2F11g0ymp2ft!19sChIJxeR4Oc7D5zsRZfErVTrzy3A?authuser=0&hl=en&rclk=1,Not present on google business profiles,"['hodcompsci@moderncollegepune.edu.in', 'collegemodern021@gmail.com', 'reception@mhsforgirls.edu.in', 'info@pesmoderncollege.com']",https://in.linkedin.com/company/progressive-education-society-s-modern-college-of-arts-science-and-commerce-shivajinagar-pune
"Seamedu School of Pro-Expressionism, Navi Mumbai, Maharashtra","Tilak Maharashtra Vidyapeeth, Block J, Raghunath Vihar, Sector 14, Kharghar, Navi Mumbai, Maharashtra 410210 ",02046607500,"https://www.google.com/maps/place/Seamedu+School+of+Pro-Expressionism,+Navi+Mumbai,+Maharashtra/data=!4m7!3m6!1s0x3be7c210444a52e3:0xbdd9c457bfc744db!8m2!3d19.0441933!4d73.0738307!16s%2Fg%2F11fy79mq8r!19sChIJ41JKRBDC5zsR20THv1fE2b0?authuser=0&hl=en&rclk=1",http://www.seamedu.com/,['gurugram@seamedu.com'],https://in.linkedin.com/school/seamless-education-academy/
"Ratan Tata Maharashtra State Skills University, Kharghar","3rd floor, Hasmukh Bhavan, behind CIDCO, near Hiranandani Park, Sector 4, Kharghar, Navi Mumbai, Maharashtra 410210 ",02249780588,"https://www.google.com/maps/place/Ratan+Tata+Maharashtra+State+Skills+University,+Kharghar/data=!4m7!3m6!1s0x3be7c38815ab4acf:0x66e6ace494d2073d!8m2!3d19.0324263!4d73.0647469!16s%2Fg%2F11v5f_f_78!19sChIJz0qrFYjD5zsRPQfSlOSs5mY?authuser=0&hl=en&rclk=1",http://www.mssu.ac.in/,['admissions@mssu.ac.in'],https://in.linkedin.com/company/ratan-tata-maharashtra-state-skills-university
Fr. Agnel Polytechnic,"3XGR+6G6, Juhu Chowpatty Marg, Juhu Nagar, Sector 9A, Vashi, Navi Mumbai, Maharashtra 400703 ",02227771000,https://www.google.com/maps/place/Fr.+Agnel+Polytechnic/data=!4m7!3m6!1s0x3be7c135baaaaaab:0x931cf32f3e166f1f!8m2!3d19.075539!4d72.9912751!16s%2Fm%2F0bmhdtb!19sChIJq6qqujXB5zsRH28WPi_zHJM?authuser=0&hl=en&rclk=1,http://www.apv.ac.in/,"['423agnel@gmail.com', 'agnelpcce@gmail.com']",https://in.linkedin.com/company/father-agnel-polytechnic
Saraswati Education Society's Revera Polytechnic,"23R5+4JM, Sector 6, Kharghar, Navi Mumbai, Maharashtra 410210 ",Not present on google business profiles,https://www.google.com/maps/place/Saraswati+Education+Society%27s+Revera+Polytechnic/data=!4m7!3m6!1s0x3be7c23c12e99a45:0xef1b70fc8138c42d!8m2!3d19.0403316!4d73.0590501!16s%2Fg%2F11f389w49x!19sChIJRZrpEjzC5zsRLcQ4gfxwG-8?authuser=0&hl=en&rclk=1,Not present on google business profiles,"['registrarsaraswati@gmail.com', 'contact@vidyarthimitra.org', 'saraswati.polytechnic @ gmail.com']",https://in.linkedin.com/school/scoekharghar/
Bharati Vidyapeeth,"23G4+J3F, Sion - Panvel Hwy, Sector 7, CBD Belapur, Navi Mumbai, Maharashtra 410218 ",Not present on google business profiles,https://www.google.com/maps/place/Bharati+Vidyapeeth/data=!4m7!3m6!1s0x3be7e964f9fde405:0x39297b513c6fbd0b!8m2!3d19.0265573!4d73.0551633!16s%2Fg%2F11f9x3bq9x!19sChIJBeT9-WTp5zsRC71vPFF7KTk?authuser=0&hl=en&rclk=1,Not present on google business profiles,"['bvuniversity@bharatividyapeeth.edu', 'seema.gupta@bharatividyapeeth.edu', 'mcpune@bharatividyapeeth.edu', 'soe.admission@bharatividyapeeth.edu', 'coedelhi@bharatividyapeeth.edu', 'studentsupport@bharatividyapeethonline.com', 'imr@bharatividyapeeth.edu', 'support.distance@bharatividyapeeth.edu']",https://www.linkedin.com/company/bharati-vidyapeeth-bharati-vidyapeeth-deemed-university
"PIMS Kharghar, NIOS Distance Study Center In Navi Mumbai","Dhasmesh Krupa, Plot No. D-20, HDFC Lane, Sector 12, Kharghar, Navi Mumbai, Maharashtra 410210 ",09833590039,"https://www.google.com/maps/place/PIMS+Kharghar,+NIOS+Distance+Study+Center+In+Navi+Mumbai/data=!4m7!3m6!1s0x3be7c215dfcc7043:0x22a2728bb37998e6!8m2!3d19.0390856!4d73.0667042!16s%2Fg%2F1pty4_87h!19sChIJQ3DM3xXC5zsR5ph5s4tyoiI?authuser=0&hl=en&rclk=1",Not present on google business profiles,['rcpune@nios.ac.in'],https://www.instagram.com/nios_students_pims_kharghar/?hl=en
Apeejay Institute Of Hospitality - Hotel Management College,"Park Hotel Premises No.1, next to CGO, Sector 1, CBD Belapur, Navi Mumbai, Maharashtra 400614 ",09867985442,https://www.google.com/maps/place/Apeejay+Institute+Of+Hospitality+-+Hotel+Management+College/data=!4m7!3m6!1s0x3be7c3e83aaaaaab:0x72777ea42842b4f0!8m2!3d19.0246208!4d73.036755!16s%2Fg%2F11c3x3nzgt!19sChIJq6qqOujD5zsR8LRCKKR-d3I?authuser=0&hl=en&rclk=1,https://aih.edu.in/hotel-management-course/,"['Email: admin@iihm.ac.in', 'admission@ishm.co.in', 'dean.sbihm19@gmail.com', 'admission@aihmctbangalore.edu.in']",https://in.linkedin.com/company/apeejayinstituteofhospitality
Dnyan Jyot Vidyalaya,"23WC+8M5, Block G, Sector 13, Kharghar, Navi Mumbai, Maharashtra 410210 ",Not present on google business profiles,https://www.google.com/maps/place/Dnyan+Jyot+Vidyalaya/data=!4m7!3m6!1s0x3be7c2109efa7ec5:0x8481e4c9d3aa6248!8m2!3d19.0457668!4d73.0717363!16s%2Fg%2F1hhwg8f7j!19sChIJxX76nhDC5zsRSGKq08nkgYQ?authuser=0&hl=en&rclk=1,Not present on google business profiles,"['gyanjyotvidyalaya@gmail.com', 'gkrvidyalaya@gmail.com', 'info@dnyanjyoti.com', 'gpskanchrapara@gmail.com', 'XXXX@XXXXXX.XXX', 'demschooldhanki@gmail.com']",https://in.linkedin.com/company/gyanjyotiawasiyavidyalaya
YMT Dental College Yerela Medical College,"Ymt Dental College Yerela Medical, 18, Belpada Rd, Sector 4, Kharghar, Navi Mumbai, Maharashtra 410210 ",02227744429,https://www.google.com/maps/place/YMT+Dental+College+Yerela+Medical+College/data=!4m7!3m6!1s0x3be7c24069dfd159:0x3f9bc3072e79c8a6!8m2!3d19.0318381!4d73.0617917!16s%2Fg%2F11c27t2xgj!19sChIJWdHfaUDC5zsRpsh5LgfDmz8?authuser=0&hl=en&rclk=1,http://drgdpolfoundation.org/,"['dentalymt@gmail.com', 'Email-dentalymt@gmail.com']",https://in.linkedin.com/in/dr-rekha-neog-5ab2ab204
Aptech Aviation Academy Kharghar,"Plot No - 11, Glomax Mall, 101, 1st Floor,Royal Palace, opposite :, Sector 2, Kharghar, Navi Mumbai, Maharashtra 410210 ",08652245333,https://www.google.com/maps/place/Aptech+Aviation+Academy+Kharghar/data=!4m7!3m6!1s0x3be7c36191375fb3:0x1b5b4cb33848c286!8m2!3d19.0304861!4d73.064739!16s%2Fg%2F11h0zhn9fj!19sChIJs183kWHD5zsRhsJIOLNMWxs?authuser=0&hl=en&rclk=1,http://www.aptechaviationacademy.com/,"['aviation-placements@aptech.ac.in', 'aptechvashi4@gmail.com']",https://in.linkedin.com/school/aptech-aviation-academy/
DSP College of,"near Dyansadhana Jivan Kendra, Sector 9, Kamothe, Panvel, Navi Mumbai, Maharashtra 410209 ",08858035803,https://www.google.com/maps/place/DSP+College+of/data=!4m7!3m6!1s0x3be7e96747f58fb5:0xfedff6e45226ed11!8m2!3d19.0206144!4d73.0948409!16s%2Fg%2F11s0py51ny!19sChIJtY_1R2fp5zsREe0mUuT23_4?authuser=0&hl=en&rclk=1,Not present on google business profiles,"['rabindrasarobar@kolkatapolice.gov.in', 'contact@dspmmaholi.org', 'service@dspim.com', 'principal.dscasw@dsgroupmail.com', 'dspharmacycollege@gmail.com']",https://in.linkedin.com/in/anand-kr-saurabh-71310722a
MGM College Of Computer Science And Information Technology,"2494+742, New, MGM Campus, Kamothe, Panvel, Navi Mumbai, Maharashtra 410206 ",Not present on google business profiles,https://www.google.com/maps/place/MGM+College+Of+Computer+Science+And+Information+Technology/data=!4m7!3m6!1s0x3be7e9cc79d4d481:0x54ee4ba8142cf940!8m2!3d19.0181399!4d73.1052693!16s%2Fg%2F11c51wt3w3!19sChIJgdTUeczp5zsRQPksFKhL7lQ?authuser=0&hl=en&rclk=1,http://www.mgmccsit.ac.in/,"['mgmccsitkamothe@gmail.com', 'palvesangita@gmail.com', 'enquiry@mgmedugroup.com', 'principalgyp@themgmgroup.com', 'principal@mgmccsit.ac.in', 'mgmcocsit_nnd@yahoo.co.in']",https://in.linkedin.com/school/mgm-s-college-of-cs-and-it/
"Rajiv Gandhi College of Arts, Commerce and Science","16/17, Juhu Nagar Rd, Juhu Nagar, Sector 10A, Vashi, Navi Mumbai, Maharashtra 400703 ",02227667377,"https://www.google.com/maps/place/Rajiv+Gandhi+College+of+Arts,+Commerce+and+Science/data=!4m7!3m6!1s0x3be7c134a1546907:0x3d22fcd9d80ca2ad!8m2!3d19.0785014!4d72.9948585!16s%2Fg%2F1tgmtqzw!19sChIJB2lUoTTB5zsRraIM2Nn8Ij0?authuser=0&hl=en&rclk=1",https://setrgc.edu.in/,"['rajivgandhicollege2002@gmail.com', 'info@setrgc.edu.in', 'admin@setrgc.edu.in']",https://in.linkedin.com/school/rajiv-gandhi-college-of-arts-commerce-&-science-at-juhu-nagar-vashi-navi-mumbai-400-703/
Shankarrao Chavan Vidya English Medium School And Junior College,"238W+MJ4 Chinmayee Hospital, Maitri St, Sector 20, Kamothe, Panvel, Navi Mumbai, Maharashtra 410109 ",09702934063,https://www.google.com/maps/place/Shankarrao+Chavan+Vidya+English+Medium+School+And+Junior+College/data=!4m7!3m6!1s0x3be7e9d3043f6887:0x2cd97b6dacfd3222!8m2!3d19.0166403!4d73.0965646!16s%2Fg%2F11bbrj6vxf!19sChIJh2g_BNPp5zsRIjL9rG172Sw?authuser=0&hl=en&rclk=1,Not present on google business profiles,['admin@scv.org.in'],https://www.ambitionbox.com/overview/shankarrao-chavan-vidya-english-medium-school-and-junior-college-overview
Yerla Medical,"23J7+929 Block-Y M T College Of Physiotherapy, Sector 4, Kharghar, Navi Mumbai, Maharashtra 410210 ",02227749895,https://www.google.com/maps/place/Yerla+Medical/data=!4m7!3m6!1s0x3be7c2404a79d553:0x2878dfbca8693384!8m2!3d19.0309192!4d73.0626523!16s%2Fg%2F11cs38mj45!19sChIJU9V5SkDC5zsRhDNpqLzfeCg?authuser=0&hl=en&rclk=1,http://drgdpolfoundation.org/,"['drsanjeevyadav22@gmail.com', 'dentalymt@gmail.com', 'ymtacollege@gmail.com', 'ayurdean@drgdpolfoundation.org']",https://in.linkedin.com/school/yerla-medical-trust-and-research-centres-college-o/
"Radcliffe School, Kharghar | CBSE School & Jr. College in Kharghar","Radcliffe Group Of Schools, opposite Little World Mall, Sector 8, Kharghar, Navi Mumbai, Maharashtra 410210 ",09322626355,"https://www.google.com/maps/place/Radcliffe+School,+Kharghar+%7C+CBSE+School+%26+Jr.+College+in+Kharghar/data=!4m7!3m6!1s0x3be7c26ba4d683d7:0x58b51e7721ed21a9!8m2!3d19.0303368!4d73.0680689!16s%2Fg%2F11b6v5vtmc!19sChIJ14PWpGvC5zsRqSHtIXcetVg?authuser=0&hl=en&rclk=1",https://www.radcliffe.in/kharghar-school/,"['admission@radcliffe.in', 'radcliffeschool.kharghar@gmail.com', 'hrteam@radcliffe.in']",https://in.linkedin.com/company/radcliffeschools
INSTITUTE OF PARAMEDICAL EDUCATION - IPME,"Shiv Prakash Residency, Plot no-74, Office no-1,3,4,5 & 6 Sector -20, Near Aishwarya Hotel Nearest station-Khandeshwar, near New English School, Kamothe, Navi Mumbai, Maharashtra 410209 ",07678089824,https://www.google.com/maps/place/INSTITUTE+OF+PARAMEDICAL+EDUCATION+-+IPME/data=!4m7!3m6!1s0x3be7e9ab5764940f:0x4533ab4becffb6d!8m2!3d19.0191557!4d73.0974478!16s%2Fg%2F11j8h1yp5l!19sChIJD5RkV6vp5zsRbfvPvrQ6UwQ?authuser=0&hl=en&rclk=1,http://www.ipme.org.in/,"['ipme.mum@gmail.com', 'ipmt.ac@gmail.com', 'ipmtnewdelhi@gmail.com', 'ipmtcampus@gmail.com', 'aggarwalprop09@rediffmail.com']",https://in.linkedin.com/company/ipme-college
Study Point tutorial,"Shop no 3, Bhoomi Trivas, opp. Bank of India, Sector 35I, Kharghar, Navi Mumbai, Maharashtra 410210 ",07506354808,https://www.google.com/maps/place/Study+Point+tutorial/data=!4m7!3m6!1s0x3be7c1ba8d4e542f:0xda7286e39929ab94!8m2!3d19.0711437!4d73.078988!16s%2Fg%2F11h_5kq2md!19sChIJL1ROjbrB5zsRlKspmeOGcto?authuser=0&hl=en&rclk=1,Not present on google business profiles,"['studypointtutorial2@gmail.com', 'studypointhometutorial@gmail.com']",https://in.linkedin.com/company/study-point-home-tutorial
Dr D Y Patil College of Law,"22VG+P35, Dr D Y Patil Vidyanagar, Sector 7, Nerul, Navi Mumbai, Maharashtra 400706 ",02230965934,https://www.google.com/maps/place/Dr+D+Y+Patil+College+of+Law/data=!4m7!3m6!1s0x3be7c3c1c10a2895:0xb98c30edd1a9a52a!8m2!3d19.0442668!4d73.0252188!16s%2Fg%2F11dxb1cmg_!19sChIJlSgKwcHD5zsRKqWp0e0wjLk?authuser=0&hl=en&rclk=1,http://dypatilcollegeoflaw.com/,"['info.law@dypvp.edu.in', 'Dr. Ujwala Shinde principal.law@dypvp.edu.in', 'info@dpu.edu.in']",https://in.linkedin.com/in/dr-d-y-patil-law-college-pimpri-654b2320a
Paramedical Institute for Education and Research,"Ellora Fiesta, Plot no. 8, opposite Juinagar Station Road, Sector 11, Sanpada, Navi Mumbai, Maharashtra 400705 ",09867572104,https://www.google.com/maps/place/Paramedical+Institute+for+Education+and+Research/data=!4m7!3m6!1s0x3be7c14de4522c71:0xb082b3ec7781a5a4!8m2!3d19.0545216!4d73.015991!16s%2Fg%2F11k124328s!19sChIJcSxS5E3B5zsRpKWBd-yzgrA?authuser=0&hl=en&rclk=1,http://www.paramedicalinstitute.in/,['ipinstitutevns@gmail.com'],https://www.linkedin.com/company/paramedical-institute-for-education-research
Sunrise Global School & Jr. College,"Panchand, B/H, Rana Hospital, Plot No 79 & 80, Taloja Phase 1, Sector 2, Taloja, Navi Mumbai, Maharashtra 410208 ",08767611222,https://www.google.com/maps/place/Sunrise+Global+School+%26+Jr.+College/data=!4m7!3m6!1s0x3be7ea0b1e6e9e87:0xfcd30251f79da978!8m2!3d19.0775337!4d73.0915603!16s%2Fg%2F11bzywcwt1!19sChIJh55uHgvq5zsReKmd91EC0_w?authuser=0&hl=en&rclk=1,http://sgstaloja.com/,[],https://sunriseglobal-school.com/
Global Aviation Academy,"behind Chaurang Heights, opposite Kamdhenu Commerz Commercial Business Park, Block G, Sector 13, Kharghar, Navi Mumbai, Maharashtra 410210 ",09867235217,https://www.google.com/maps/place/Global+Aviation+Academy/data=!4m7!3m6!1s0x3be7c2108335d61b:0x8ec9828374b91045!8m2!3d19.0441324!4d73.0710764!16s%2Fg%2F1ydddky5r!19sChIJG9Y1gxDC5zsRRRC5dIOCyY4?authuser=0&hl=en&rclk=1,https://globalaviationacademy.in/,['contactus@globalaviationacademy.in'],https://in.linkedin.com/company/global-aviation-academy-official
"3-MH BN NCC Unit KBP College Vashi, Navi Mumbai","PKC Road, Sector 15, A, Juhu Nagar, Sector-16, Vashi, Navi Mumbai, Maharashtra 400703 ",Not present on google business profiles,"https://www.google.com/maps/place/3-MH+BN+NCC+Unit+KBP+College+Vashi,+Navi+Mumbai/data=!4m7!3m6!1s0x3be7c18d909a0833:0x905df865887d3272!8m2!3d19.0769407!4d73.0019267!16s%2Fg%2F11vf31mymz!19sChIJMwiakI3B5zsRcjJ9iGX4XZA?authuser=0&hl=en&rclk=1",http://kbpcollegevashi.edu.in/,[],https://www.justdial.com/Navi-mumbai/3-Mh-Bn-Ncc-Unit-Kbp-College-Vashi-Vashi/022PXX22-XX22-231108102547-G4G4_BZDET
D Y Patil University School of Management,"Panchavati Apartments, Vasantdada Patil Marg, Sector 4, CBD Belapur, Navi Mumbai, Maharashtra 400614 ",02227589200,https://www.google.com/maps/place/D+Y+Patil+University+School+of+Management/data=!4m7!3m6!1s0x3be7c24c74fa14c7:0xdb099ce399398855!8m2!3d19.0259896!4d73.0447195!16s%2Fg%2F126294gc5!19sChIJxxT6dEzC5zsRVYg5meOcCds?authuser=0&hl=en&rclk=1,https://dypatil.edu/schools/school-of-humanities-and-science/,"['support@dypatiledu.com', 'registrar.office@ dypatil.edu']",https://in.linkedin.com/school/dy-patil-university/
New Sudhagad Education Societys HighSchool and Junior College,"24F2+8MH, Sector 1E, Kalamboli, Panvel, Navi Mumbai, Maharashtra 410218 ",Not present on google business profiles,https://www.google.com/maps/place/New+Sudhagad+Education+Societys+HighSchool+and+Junior+College/data=!4m7!3m6!1s0x3be7e9cfb043c5e1:0x12b8dd63e7701f64!8m2!3d19.0233097!4d73.101727!16s%2Fg%2F1hc14229s!19sChIJ4cVDsM_p5zsRZB9w52PduBI?authuser=0&hl=en&rclk=1,Not present on google business profiles,['principalsmdlcollege@yahoo.co.in'],https://in.linkedin.com/school/sudhagad-education-societys-shikshan-maharshi-dada/
KLE SOCIETY'S SCIENCE AND COMMERCE COLLEGE,"23GW+8VP, Sion - Panvel Hwy, Sector 1, Kalamboli, Panvel, Navi Mumbai, Maharashtra 410218 ",07304715365,https://www.google.com/maps/place/KLE+SOCIETY%27S+SCIENCE+AND+COMMERCE+COLLEGE/data=!4m7!3m6!1s0x3be7e9ab5cc8b919:0xd24796e32842caec!8m2!3d19.0258308!4d73.0971925!16s%2Fg%2F11v4j1x9n8!19sChIJGbnIXKvp5zsR7MpCKOOWR9I?authuser=0&hl=en&rclk=1,https://klessccmumbai.edu.in/,"['EMAIL: enquiry@klessccmumbai.edu.in', 'enquiry@klessccmumbai.edu.in', 'priyanka.k@klessccmumbai.edu.in']",https://in.linkedin.com/company/kle-science-commerce-college-navi-mumbai
Mahatma Gandhi Mission's Institute of Management Studies and Research Best B school in Navi Mumbai,"MGM Educational Campus, Sector 1, Kamothe, Panvel, Navi Mumbai, Maharashtra 410209 ",09870023099,https://www.google.com/maps/place/Mahatma+Gandhi+Mission%27s+Institute+of+Management+Studies+and+Research+Best+B+school+in+Navi+Mumbai/data=!4m7!3m6!1s0x3be7c15de7b630b3:0xd90ed349ae17f602!8m2!3d19.0167792!4d73.1053334!16s%2Fg%2F11b7xmrtj9!19sChIJszC2513B5zsRAvYXrknTDtk?authuser=0&hl=en&rclk=1,http://mgmimsr.org/contactus.html,['mgm_imsr@yahoo.com'],https://in.linkedin.com/school/mahatma-gandhi-missions-institute-of-management-plot-no1-sector-18-kamothe-navi-mumbai-410-209/
B. K. PATIL INSTITUTE OF PHARMACY,"33FW+GJ3, Taloja Phase 1 Rd, Sector 17, Taloja Panchanand, Taloja, Navi Mumbai, Maharashtra 410208 ",09321100100,https://www.google.com/maps/place/B.+K.+PATIL+INSTITUTE+OF+PHARMACY/data=!4m7!3m6!1s0x3be7ebbf9b9ebf97:0x791fabbe334b2544!8m2!3d19.0737572!4d73.096547!16s%2Fg%2F11lgms6409!19sChIJl7-em7_r5zsRRCVLM76rH3k?authuser=0&hl=en&rclk=1,https://bkpiop.in/,"['kghpss.2019@gmail.com', 'kghpss.2019@gmail', 'bharaticop@rediffmail.com', 'prppharmacycollege@gmail.com']",https://in.linkedin.com/in/bharati-vidyapeeth-s-college-of-pharmacy-957353b6
VIBGYOR High School Kharghar | CBSE School,"Plot No. 35, Sector 15, Kharghar, Navi Mumbai, Maharashtra 410210 ",07045690966,https://www.google.com/maps/place/VIBGYOR+High+School+Kharghar+%7C+CBSE+School/data=!4m7!3m6!1s0x3be7c20edbabd447:0xbfde5c1526f86e58!8m2!3d19.0430146!4d73.081045!16s%2Fg%2F11cs3zfnbw!19sChIJR9Sr2w7C5zsRWG74JhVc3r8?authuser=0&hl=en&rclk=1,https://www.vibgyorhigh.com/school/kharghar-cbse,"['support.vh10301@vgos.org', 'helpdesk.vh10116@vibgyorhigh.com', 'support@schoolsuniverse.com']",https://in.linkedin.com/school/vibgyorgroupofschools/
"Sewa Community College-D ed course for teachers in Kharghar-b tech distance-online engineering college Kharghar, Navi Mumbai","A 45A, beside Sai Baba Mandir Road, Sector 12, Kharghar, Navi Mumbai, Maharashtra 410210 ",09355022107,"https://www.google.com/maps/place/Sewa+Community+College-D+ed+course+for+teachers+in+Kharghar-b+tech+distance-online+engineering+college+Kharghar,+Navi+Mumbai/data=!4m7!3m6!1s0x3be7c30cc2ca030b:0x5517a8cec6dc9650!8m2!3d19.0455164!4d73.0657431!16s%2Fg%2F11w8gkrb78!19sChIJCwPKwgzD5zsRUJbcxs6oF1U?authuser=0&hl=en&rclk=1",https://digi.sewa.college/,"['Admission@sewa.college', 'admission@sewacollege.in', 'digisevapayservices@gmail.com', 'support@digitalsevacenter.com', 'support@onlinedigitalsevakendra.in']",https://in.linkedin.com/in/digi-seva-72b40a2b2
NMIMS College,"Sector 33, Kharghar, Navi Mumbai, Maharashtra 410210 ",02235476550,https://www.google.com/maps/place/NMIMS+College/data=!4m7!3m6!1s0x3be7c1fa2fb2f141:0x41cd04d127e453ae!8m2!3d19.0643935!4d73.0783326!16s%2Fg%2F11g7zf9d_p!19sChIJQfGyL_rB5zsRrlPkJ9EEzUE?authuser=0&hl=en&rclk=1,http://nmimsnavimumbai.org/,"['enquiry@nmims.edu', 'admissions.sos@nmims.edu', 'admissionenquiry@nmims.edu', 'narayani.ramachandran@nmims.edu', 'enquiry.mpstme@nmims.edu', 'Gayatri.Raorane@nmcce.ac.in', 'ashish.apte@nmims.edu']",https://in.linkedin.com/school/nmims-india/
PIMS 's SCHOOL AND JR.COLLEGE,"E-125, City Dream Building, HDFC Lane, above SBI, Shivali Chs, Sector 12, Kharghar, Navi Mumbai, Maharashtra 410210 ",08976897460,https://www.google.com/maps/place/PIMS+%27s+SCHOOL+AND+JR.COLLEGE/data=!4m7!3m6!1s0x3be7c215d0705753:0x896c0f3773853d08!8m2!3d19.0390945!4d73.0665611!16s%2Fg%2F11f2b6sknx!19sChIJU1dw0BXC5zsRCD2FczcPbIk?authuser=0&hl=en&rclk=1,Not present on google business profiles,"['info@pimsindia.org.in', 'pimsindia11@gmail.com', 'pimsprincipal@gmail.com']",https://in.linkedin.com/school/pimsbangalore/
D.G. Tatkare Junior College,"Sector 6E, Kalamboli, Panvel, Navi Mumbai, Maharashtra 410218 ",02227426388,https://www.google.com/maps/place/D.G.+Tatkare+Junior+College/data=!4m7!3m6!1s0x3be7e9c47126887d:0xfdc6ca8b3c50df0!8m2!3d19.0311325!4d73.1036008!16s%2Fg%2F124yjm5_w!19sChIJfYgmccTp5zsR8A3Fs6hs3A8?authuser=0&hl=en&rclk=1,Not present on google business profiles,"['dgtcollegetala1@yahoo.co.in', 'XXXX@XXXXXX.XXX']",https://www.linkedin.com/in/hari-rathod-0797b8ab
Sadguru Vamanbaba Commerce and Science College,"Plot No 29, Sector 11, CIDCO Node, Phase - I, Taloja, Tal - Panvel, Dist - Raigad, Maharashtra 410208 ",02265281100,https://www.google.com/maps/place/Sadguru+Vamanbaba+Commerce+and+Science+College/data=!4m7!3m6!1s0x3be7ea0969cb6e35:0x6f22171140b90828!8m2!3d19.0757161!4d73.0921174!16s%2Fg%2F11b66f3yrn!19sChIJNW7LaQnq5zsRKAi5QBEXIm8?authuser=0&hl=en&rclk=1,https://svacscollege.co.in/,"['sbescollegeac@yahoo.com', 'lbsac336@sgbau.ac.in', 'ondecollege@yahoo.com', 'amvdmn2010@gmail.com', 'svm.principal@yahoo.com', 'korpegv@gmail.com']",https://in.linkedin.com/company/sanpada-college-of-commerce-and-technology
