Company,Website,Linkedin,E Mail
Maxgen Technologies Pvt Ltd,http://www.maxgentechnologies.com/,https://in.linkedin.com/company/maxgen-technology,"['Head Office Â· pune@maxgentechnologies.com', 'komal@maxgentechnology.com', 'xxxx@maxgentechnologies.com', 'first@maxgentechnologies.com']"
Eiosys Private Limited,https://www.eiosys.com/contact-us/,https://in.linkedin.com/company/eiosys-inc-,"['sales@eiosys.com', 'saurabh.amishra@gmail.com']"
Wanbury Limited,http://www.wanbury.com/,https://in.linkedin.com/company/wanbury-ltd,"['shares@wanbury.com', 'SHARES@WANBURY.COM', 'jitendra.gandhi@wanbury.com', 'cs@wanbury.com']"
Chillydigital Solutions Private Limited,http://www.chillydigital.com/,https://in.linkedin.com/company/chillydigital,"['info@chillydigital.com', 'Balmukund@chillydigital.com', 'Email: info@chillydigital.com', 'LEGALSALAH@GMAIL.COM']"
Saraswat Infotech Pvt Ltd.,http://www.sil.co.in/,https://in.linkedin.com/company/saraswat-infotech-limited,"['Info@sil.co.in', 'info@sil.co.in', 'devdatta.chandgadkar@sil.co.in']"
PMT (P-Mech Technologies Pvt Ltd),http://www.pmechtech.com/,https://in.linkedin.com/company/pmech-technologies,"['info@pmechtech.com', 'myca@vskothari.com', 'sales@pmecheng.com']"
3i Infotech Limited (Registered Office),https://www.3i-infotech.com/,https://in.linkedin.com/company/3i-infotech,"['marketing@3i-infotech.com', 'Vijaysingh.Chauhan@3i-infotech.com', 'grievancecommittee@3i-infotech.com', ""first '.' last@3i-infotech.com"", 'compliance@3i-infotech.com']"
Limra Technosys Pvt Ltd,https://www.limratechnosys.com/,https://in.linkedin.com/company/limra-technosys-pvt-ltd,"['info@limratechnosys.com', 'first@limratechnosys.com', 'Email: *****@limratechnosys.com', 'irshad@limratechnosys.com', 'Email ID: *****@limratechnosys.com', 'limratechnosys@gmail.com']"
Fermion Infotech Private Limited,https://www.fermioninfotech.com/,https://in.linkedin.com/company/fermioninfotech,['connect@fermion.in']
Bombay Softwares - IT Company,https://www.bombaysoftwares.com/,https://in.linkedin.com/company/bombay-softwares,"[""first '.' last@bombaysoftwares.com"", 'sourabh@bombaysoftwares.com', 'connect@bombaysoftwares.com']"
