Company,Phone Number,E mail,Linkedin
Eiosys Private Limited,09920977236,"['sales@eiosys.com', 'saurabh.amishra@gmail.com', ""first '.' last@eiosys.com""]",https://in.linkedin.com/company/eiosys-inc-
"Maxgen Technologies Pvt Ltd | Web Development , Mobile App Development ,Ai Company in Mumbai",09099039845,"['Head Office Â· pune@maxgentechnologies.com', 'support@tofler.in', 'komal@maxgentechnology.com', 'poojasalvi6895@gmail.com']",https://in.linkedin.com/company/maxgen-technologies
CHILLYDIGITAL SOLUTIONS PVT LTD,09044443160,"['Email: info@chillydigital.com', 'Balmukund@chillydigital.com', 'info@chillydigital.com', 'LEGALSALAH@GMAIL.COM']",https://in.linkedin.com/company/chillydigital
Grexa AI Private Limited,08433662884,"['hello@grexa.ai', 'support@grexa.ai', 'contact@ipoplatform.com']",https://in.linkedin.com/company/grexa-ai
Limra Technosys Pvt Ltd,09321883486,"['first@limratechnosys.com', 'mihir@limratechnosys.com', 'info@limratechnosys.com']",https://in.linkedin.com/company/limra-technosys-pvt-ltd
RUGR SIL PVT.LTD.,02241561111,['Email: *****@sil.co.in'],https://in.linkedin.com/company/rugr
Sysmarche Infotech - Mobile App Development Company,08652362400,"['info@sysmarche.com', 'HR@SYSMARCHE.COM', 'info@shaktiwebsolution.com']",https://in.linkedin.com/company/sysmarche-infotech
Aimbeat Technology Pvt Ltd,09699925003,"['support@aimbeatsoftech.com', 'info@aimbeatsoftech.com']",https://in.linkedin.com/company/aimbeat-softech-pvt-ltd
ScrapeNext Technologies,Not present on google business profiles,"['info@scrapenext.com', 'sauravgopinathpanda@gmail.com', 'first_initial}{last}@scrapenext.com', 'info@apel.co.in']",https://in.linkedin.com/company/scrapenext-technologies
Focalworks Solutions Pvt. Ltd.,Not present on google business profiles,"[""first '.' last@focalworks.in"", 'ta****@focalworks.in', 'support@tofler.in', 'connect@focalworks.in']",https://in.linkedin.com/company/focalworks
