Company,Address,Phone Number,Website,E mail,Linkedin
Indian AI Production,http://www.indianaiproduction.com/,07123595622,"Patrika Nagar, HITEC City, Hyderabad, Telangana 500081 ","['indianaiproduction.business@gmail.com', 'hrd-ai@indiaai.gov.in', 'vineet.rankawat@gmail.com']",https://in.linkedin.com/in/indianaiproduction
AI Labs Pvt Ltd,https://ailabs.in/,09000079220,"AI Labs Pvt Ltd Floor 1 & 2, Address:Plot 94 Road No:2, Sagar Society, Kamalapuri Colony, Banjara Hills, Hyderabad, Telangana 500034 ","['info@ailabs.academy', 'hr@ailabs.in', 'mhlim@ailabs.com.my', 'shri.iimb@gmail.com', 'star.team@allstarsit.com', 'info25@ailabsinc.com', 'team@ailab.si']",https://in.linkedin.com/company/ailabs
SmartBridge,http://www.thesmartbridge.com/,06304320044,"6th floor, Technical Block, Sundarayya Vignana Kendram, Madhava Reddy Colony, Gachibowli, Hyderabad, Telangana 500032 ","['info@smart-bridge.co', 'pvarma@smart-bridge.co.in', 'sales@smartbridge-info.com']",https://www.linkedin.com/company/smartbridge
Deepen AI India,http://www.deepen.ai/,06505607130,"3rd Floor, SNP Towers,Plot No 112, Janardhan Hills,Diamond Hills, Lumbini Avenue Near Nasr Boys School, Opposite Prerana Waldorf School Lane beside South India Shopping Mall, Gachibowli, Telangana 500032 ","['info@deepen.ai', 'anup@deepedge.ai', 'Email ID: *****@deepen.ai']",https://in.linkedin.com/company/deepen-ai
Neuzen AI,http://neuzenai.com/,08885257422,"Phase 2, T Hub, 20, Inorbit Mall Rd, Vittal Rao Nagar, Madhapur, Hyderabad, Telangana 500032 ","['contact@neuzenai.com', 'neuzemail@fakemail.com']",https://in.linkedin.com/company/neuzenai
AIBridge ML Pvt Ltd,http://aibridgeml.com/,04023118011,"2nd Floor Plot, 204, Kavuri Hills Rd, Kavuri Hills, Madhapur, Hyderabad, Telangana 500033 ","['aiml-accounts@aibridgeml.com', 'aiml-sales@aibridgeml.com', 'ajay@aimunshi.ai', 'ajay.ray@raybiztech.com']",https://in.linkedin.com/company/aibridgetech
AI VOID TECHNOLOGIES,Not present on google business profiles,Not present on google business profiles,"1st floor, Triveni building, Plot No.16, Silicon Valley, Madhapur, Telangana 500081 ","['info@aivoidtechnologies.com', 'hello@voidtechnologies.com', 'info@voidstarindia.com', 'hello@voideditor.com', 'hello@void2onesolutions.in']",https://in.linkedin.com/company/ai-void-technologies
AI ACME Software Solutions,http://aiacme.in/,09000013392,"203,2nd Floor, 7-1-212, Plot No. 33, Dharam Karan Rd, ShivBagh, Ameerpet, Hyderabad, Telangana 500016 ","['info@aiacme.in', 'info@acmeautomation.in', 'Email: info@acmeai.tech']",https://in.linkedin.com/company/ai-acme-solutions
Nuacem AI,https://nuacem.com/,08639945832,"4th Floor, Nine Star Hills Sesh-Nag complex, Shaikpet Main Rd, Shivaji Nagar, Shirdi Sai Nagar, Manikonda, Hyderabad, Telangana 500089 ","['Email : info@nuacem.com', 'Email : sales@nuacem.com', 'info@nuacem.com']",https://in.linkedin.com/company/nuacemai
Kore.ai Software India Pvt Ltd,https://kore.ai/,04042528888,"3rd Floor, Aurobindo Galaxy Towers, Hitech City Rd, opposite IKEA Restaurant - Hyderabad, Hyderabad, Telangana 500032 ","['koresupport@kore.com', 'vikash.epari@kore.com', 'privacy@kore.ai']",https://in.linkedin.com/company/kore-inc
