Company,Address,Phone Number,Map Link,Website,Linkedin
Indian AI Production,http://www.indianaiproduction.com/,https://www.google.com/maps/place/Indian+AI+Production/data=!4m7!3m6!1s0x3bcb93b2bc04d31f:0xa552adfeaaebce96!8m2!3d17.4503807!4d78.3807125!16s%2Fg%2F11jfvkdbff!19sChIJH9MEvLKTyzsRls7rqv6tUqU?authuser=0&hl=en&rclk=1,07123595622,"Patrika Nagar, HITEC City, Hyderabad, Telangana 500081 ",https://in.linkedin.com/in/indianaiproduction
AI Labs Pvt Ltd,https://ailabs.in/,https://www.google.com/maps/place/AI+Labs+Pvt+Ltd/data=!4m7!3m6!1s0x3bcb9702006ade0f:0x37d9440fc809df6e!8m2!3d17.4258355!4d78.432474!16s%2Fg%2F11gn26286x!19sChIJD95qAAKXyzsRbt8JyA9E2Tc?authuser=0&hl=en&rclk=1,09000079220,"AI Labs Pvt Ltd Floor 1 & 2, Address:Plot 94 Road No:2, Sagar Society, Kamalapuri Colony, Banjara Hills, Hyderabad, Telangana 500034 ",https://in.linkedin.com/company/ailabs
SmartBridge,http://www.thesmartbridge.com/,https://www.google.com/maps/place/SmartBridge/data=!4m7!3m6!1s0x3bcb9952f64281a5:0xc9e43f2bdb6e9672!8m2!3d17.435798!4d78.3599796!16s%2Fg%2F11c5_t1sx6!19sChIJpYFC9lKZyzsRcpZu2ys_5Mk?authuser=0&hl=en&rclk=1,06304320044,"6th floor, Technical Block, Sundarayya Vignana Kendram, Madhava Reddy Colony, Gachibowli, Hyderabad, Telangana 500032 ",https://www.linkedin.com/company/smartbridge
Deepen AI India,http://www.deepen.ai/,https://www.google.com/maps/place/Deepen+AI+India/data=!4m7!3m6!1s0x3bcb915ff39e3811:0x964b142bec4e0c9b!8m2!3d17.4363461!4d78.3702134!16s%2Fg%2F11fyzfnk86!19sChIJETie81-RyzsRmwxO7CsUS5Y?authuser=0&hl=en&rclk=1,06505607130,"3rd Floor, SNP Towers,Plot No 112, Janardhan Hills,Diamond Hills, Lumbini Avenue Near Nasr Boys School, Opposite Prerana Waldorf School Lane beside South India Shopping Mall, Gachibowli, Telangana 500032 ",https://in.linkedin.com/company/deepen-ai
Neuzen AI,http://neuzenai.com/,https://www.google.com/maps/place/Neuzen+AI/data=!4m7!3m6!1s0x3bcb93da0b2649cb:0x824fdf6c2070c913!8m2!3d17.4326019!4d78.3815667!16s%2Fg%2F11vkp_7pns!19sChIJy0kmC9qTyzsRE8lwIGzfT4I?authuser=0&hl=en&rclk=1,08885257422,"Phase 2, T Hub, 20, Inorbit Mall Rd, Vittal Rao Nagar, Madhapur, Hyderabad, Telangana 500032 ",https://in.linkedin.com/company/neuzenai
AIBridge ML Pvt Ltd,http://aibridgeml.com/,https://www.google.com/maps/place/AIBridge+ML+Pvt+Ltd/data=!4m7!3m6!1s0x3bcb912685ca6c01:0x6a1281260c2aaa7b!8m2!3d17.4381177!4d78.3937849!16s%2Fg%2F11h10vqxhv!19sChIJAWzKhSaRyzsRe6oqDCaBEmo?authuser=0&hl=en&rclk=1,04023118011,"2nd Floor Plot, 204, Kavuri Hills Rd, Kavuri Hills, Madhapur, Hyderabad, Telangana 500033 ",https://in.linkedin.com/company/aibridgetech
AI VOID TECHNOLOGIES,Not present on google business profiles,https://www.google.com/maps/place/AI+VOID+TECHNOLOGIES/data=!4m7!3m6!1s0x3bcb91812e83b7d1:0xb2446ad15646ea66!8m2!3d17.4517057!4d78.3857621!16s%2Fg%2F11ldhf_64v!19sChIJ0beDLoGRyzsRZupGVtFqRLI?authuser=0&hl=en&rclk=1,Not present on google business profiles,"1st floor, Triveni building, Plot No.16, Silicon Valley, Madhapur, Telangana 500081 ",https://in.linkedin.com/company/ai-void-technologies
AI ACME Software Solutions,http://aiacme.in/,https://www.google.com/maps/place/AI+ACME+Software+Solutions/data=!4m7!3m6!1s0x3bcb91a1fde6b037:0x25be1c08da9546e7!8m2!3d17.4379197!4d78.4503347!16s%2Fg%2F11hd_zvkzq!19sChIJN7Dm_aGRyzsR50aV2ggcviU?authuser=0&hl=en&rclk=1,09000013392,"203,2nd Floor, 7-1-212, Plot No. 33, Dharam Karan Rd, ShivBagh, Ameerpet, Hyderabad, Telangana 500016 ",https://in.linkedin.com/company/ai-acme-solutions
Nuacem AI,https://nuacem.com/,https://www.google.com/maps/place/Nuacem+AI/data=!4m7!3m6!1s0x3bcb911c15bb6ccb:0x9a1449bff620aa1c!8m2!3d17.4026301!4d78.3799196!16s%2Fg%2F11hdx14bp5!19sChIJy2y7FRyRyzsRHKog9r9JFJo?authuser=0&hl=en&rclk=1,08639945832,"4th Floor, Nine Star Hills Sesh-Nag complex, Shaikpet Main Rd, Shivaji Nagar, Shirdi Sai Nagar, Manikonda, Hyderabad, Telangana 500089 ",https://in.linkedin.com/company/nuacemai
Kore.ai Software India Pvt Ltd,https://kore.ai/,https://www.google.com/maps/place/Kore.ai+Software+India+Pvt+Ltd/data=!4m7!3m6!1s0x3bcb93cf277da11b:0x11abb4eb25e90498!8m2!3d17.4372296!4d78.3752143!16s%2Fg%2F11b_3f9y9_!19sChIJG6F9J8-TyzsRmATpJeu0qxE?authuser=0&hl=en&rclk=1,04042528888,"3rd Floor, Aurobindo Galaxy Towers, Hitech City Rd, opposite IKEA Restaurant - Hyderabad, Hyderabad, Telangana 500032 ",https://in.linkedin.com/company/kore-inc
